Workbook

Sheet Critique
B1: DASHBOARD CSV — CRITIQUE
B2: 10 issues found. Everything below explains what's wrong and why.
B4: # | C4: ISSUE | D4: SEVERITY
B5: 1. Course codes don't exist in the architecture | D5: FATAL
B6: OPS101 and SALES201 are placeholder codes. The architecture uses COURSE_12M for the 12-month RWR program. These courses have no relationship to the Notion Courses DB, the Firestore data model, or any real curriculum.
B7: 2. No month/module tracking | D7: FATAL
B8: The dashboard tracks 'Progress Percent' as a flat decimal (0.1 = 10%). But the system tracks current_month (1-12) and current_module (0-3). A learner at 10% could be in Month 1 Week 4 or Month 2 Week 1 — the dashboard can't tell you.
B9: 3. Course Enrollment Breakdown appears THREE times | D9: FATAL
B10: Rows 13-16, 18-21, and 25-27 contain the same table with slightly different columns. This is copy-paste dashboard building — guaranteed to desync when one gets updated and the others don't.
B11: 4. Dashboard is a visual layout, not a data model | D11: CRITICAL
B12: The CSV has data scattered across 26 columns with empty cells used as spacers. KPIs live in unlabeled cells (row 5: '2', '2', '2' — what are these?). This is a Google Sheets visual dashboard exported as CSV. It has no queryable structure.
B13: 5. 'Computed Status' has no rules | D13: CRITICAL
B14: Juan is 'Behind' at 10% with last activity Jan 12. Maria is 'Completed' at 8.3% with last activity Jan 18. How is 8.3% complete? The status logic is either broken or manually overridden, making it worthless for automation.
B15: 6. Only 2 learners — not stress-testable | D15: CRITICAL
B16: The architecture targets 50 users across a 12-month course. A dashboard with 2 learners on toy courses tells you nothing about whether the system scales. No cohort view, no month distribution, no inactivity detection.
B17: 7. Filter dropdowns exported as data ('All, All, All') | D17: MAJOR
B18: Rows 23-24 contain filter UI elements that got exported. These are Google Sheets artifacts, not data. They pollute the CSV and break any automated parsing.
B19: 8. No connection to Firestore fields | D19: MAJOR
B20: The Firestore data model stores: user_id, course_id, status, current_month, current_module, last_activity_at. The dashboard tracks: Employee Full Name, Course Name, Progress Percent, Last Activity Date, Computed Status. Different names, different structures, no mapping.
B21: 9. No Slack channel or thread tracking | D21: MINOR
B22: The dashboard should show which Slack channel each learner is in and their last interaction. Without this, admins can't debug delivery issues.
B23: 10. No content readiness view | D23: MINOR
B24: The dashboard tracks learner progress but has zero visibility into whether content is ready. If Month 4 has 0 lessons written and a learner is about to reach it, nobody gets warned.
B26: VERDICT: Scrap this dashboard entirely. Redesign from the data model up.

Sheet Command Center
B1: SLACK LMS — COMMAND CENTER
B2: Live operations dashboard. All numbers derived from Learners + Progress sheets.
B4: =COUNTA(Learners!A2:A100)-COUNTBLANK(Learners!A2:A100) -> -83 | C4: =COUNTIF(Learners!D2:D100,"active") -> 6 | D4: =COUNTIF(Learners!D2:D100,"paused") -> 1 | E4: =COUNTIF(Learners!D2:D100,"withdrawn") -> 1 | F4: =ROUND(AVERAGE(Learners!E2:E100),1) -> 2.1 | G4: =COUNTIFS(Learners!I2:I100,">="&14,Learners!D2:D100,"active") -> 0 | H4: 4 of 12
B5: Total Learners | C5: Active | D5: Paused | E5: Withdrawn | F5: Avg Month | G5: At Risk (14d+) | H5: Content Ready
B7: LEARNER DISTRIBUTION BY MONTH
B8: Month | C8: Learners | D8: On Track | E8: Paused | F8: Behind | G8: Content Status | H8: Alert
B9: Month 1 | C9: =COUNTIFS(Learners!E2:E100,1,Learners!D2:D100,"<>withdrawn") -> 2 | D9: =COUNTIFS(Learners!E2:E100,1,Learners!D2:D100,"active",Learners!I2:I100,"<7") -> 2 | E9: =COUNTIFS(Learners!E2:E100,1,Learners!D2:D100,"paused") -> 0 | F9: =COUNTIFS(Learners!E2:E100,1,Learners!D2:D100,"active",Learners!I2:I100,">="&14) -> 0 | G9: Ready | H9: —
B10: Month 2 | C10: =COUNTIFS(Learners!E2:E100,2,Learners!D2:D100,"<>withdrawn") -> 2 | D10: =COUNTIFS(Learners!E2:E100,2,Learners!D2:D100,"active",Learners!I2:I100,"<7") -> 1 | E10: =COUNTIFS(Learners!E2:E100,2,Learners!D2:D100,"paused") -> 1 | F10: =COUNTIFS(Learners!E2:E100,2,Learners!D2:D100,"active",Learners!I2:I100,">="&14) -> 0 | G10: Ready | H10: —
B11: Month 3 | C11: =COUNTIFS(Learners!E2:E100,3,Learners!D2:D100,"<>withdrawn") -> 2 | D11: =COUNTIFS(Learners!E2:E100,3,Learners!D2:D100,"active",Learners!I2:I100,"<7") -> 2 | E11: =COUNTIFS(Learners!E2:E100,3,Learners!D2:D100,"paused") -> 0 | F11: =COUNTIFS(Learners!E2:E100,3,Learners!D2:D100,"active",Learners!I2:I100,">="&14) -> 0 | G11: Ready | H11: —
B12: Month 4 | C12: =COUNTIFS(Learners!E2:E100,4,Learners!D2:D100,"<>withdrawn") -> 1 | D12: =COUNTIFS(Learners!E2:E100,4,Learners!D2:D100,"active",Learners!I2:I100,"<7") -> 1 | E12: =COUNTIFS(Learners!E2:E100,4,Learners!D2:D100,"paused") -> 0 | F12: =COUNTIFS(Learners!E2:E100,4,Learners!D2:D100,"active",Learners!I2:I100,">="&14) -> 0 | G12: Ready | H12: —
B13: Month 5 | C13: =COUNTIFS(Learners!E2:E100,5,Learners!D2:D100,"<>withdrawn") -> 0 | D13: =COUNTIFS(Learners!E2:E100,5,Learners!D2:D100,"active",Learners!I2:I100,"<7") -> 0 | E13: =COUNTIFS(Learners!E2:E100,5,Learners!D2:D100,"paused") -> 0 | F13: =COUNTIFS(Learners!E2:E100,5,Learners!D2:D100,"active",Learners!I2:I100,">="&14) -> 0 | G13: Writing | H13: 📝 In progress
B14: Month 6 | C14: =COUNTIFS(Learners!E2:E100,6,Learners!D2:D100,"<>withdrawn") -> 0 | D14: =COUNTIFS(Learners!E2:E100,6,Learners!D2:D100,"active",Learners!I2:I100,"<7") -> 0 | E14: =COUNTIFS(Learners!E2:E100,6,Learners!D2:D100,"paused") -> 0 | F14: =COUNTIFS(Learners!E2:E100,6,Learners!D2:D100,"active",Learners!I2:I100,">="&14) -> 0 | G14: Writing | H14: 📝 In progress
B15: Month 7 | C15: =COUNTIFS(Learners!E2:E100,7,Learners!D2:D100,"<>withdrawn") -> 0 | D15: =COUNTIFS(Learners!E2:E100,7,Learners!D2:D100,"active",Learners!I2:I100,"<7") -> 0 | E15: =COUNTIFS(Learners!E2:E100,7,Learners!D2:D100,"paused") -> 0 | F15: =COUNTIFS(Learners!E2:E100,7,Learners!D2:D100,"active",Learners!I2:I100,">="&14) -> 0 | G15: Empty | H15: —
B16: Month 8 | C16: =COUNTIFS(Learners!E2:E100,8,Learners!D2:D100,"<>withdrawn") -> 0 | D16: =COUNTIFS(Learners!E2:E100,8,Learners!D2:D100,"active",Learners!I2:I100,"<7") -> 0 | E16: =COUNTIFS(Learners!E2:E100,8,Learners!D2:D100,"paused") -> 0 | F16: =COUNTIFS(Learners!E2:E100,8,Learners!D2:D100,"active",Learners!I2:I100,">="&14) -> 0 | G16: Empty | H16: —
B17: Month 9 | C17: =COUNTIFS(Learners!E2:E100,9,Learners!D2:D100,"<>withdrawn") -> 0 | D17: =COUNTIFS(Learners!E2:E100,9,Learners!D2:D100,"active",Learners!I2:I100,"<7") -> 0 | E17: =COUNTIFS(Learners!E2:E100,9,Learners!D2:D100,"paused") -> 0 | F17: =COUNTIFS(Learners!E2:E100,9,Learners!D2:D100,"active",Learners!I2:I100,">="&14) -> 0 | G17: Empty | H17: —
B18: Month 10 | C18: =COUNTIFS(Learners!E2:E100,10,Learners!D2:D100,"<>withdrawn") -> 0 | D18: =COUNTIFS(Learners!E2:E100,10,Learners!D2:D100,"active",Learners!I2:I100,"<7") -> 0 | E18: =COUNTIFS(Learners!E2:E100,10,Learners!D2:D100,"paused") -> 0 | F18: =COUNTIFS(Learners!E2:E100,10,Learners!D2:D100,"active",Learners!I2:I100,">="&14) -> 0 | G18: Empty | H18: —
B19: Month 11 | C19: =COUNTIFS(Learners!E2:E100,11,Learners!D2:D100,"<>withdrawn") -> 0 | D19: =COUNTIFS(Learners!E2:E100,11,Learners!D2:D100,"active",Learners!I2:I100,"<7") -> 0 | E19: =COUNTIFS(Learners!E2:E100,11,Learners!D2:D100,"paused") -> 0 | F19: =COUNTIFS(Learners!E2:E100,11,Learners!D2:D100,"active",Learners!I2:I100,">="&14) -> 0 | G19: Empty | H19: —
B20: Month 12 | C20: =COUNTIFS(Learners!E2:E100,12,Learners!D2:D100,"<>withdrawn") -> 0 | D20: =COUNTIFS(Learners!E2:E100,12,Learners!D2:D100,"active",Learners!I2:I100,"<7") -> 0 | E20: =COUNTIFS(Learners!E2:E100,12,Learners!D2:D100,"paused") -> 0 | F20: =COUNTIFS(Learners!E2:E100,12,Learners!D2:D100,"active",Learners!I2:I100,">="&14) -> 0 | G20: Empty | H20: —
B22: COHORT BREAKDOWN
B23: Cohort | C23: Enrolled | D23: Active | E23: Paused | F23: Withdrawn | G23: Avg Month | H23: Completion Rate
B24: Cohort A (2025-11-01) | C24: =COUNTIF(Learners!K2:K100,"Cohort A") -> 3 | D24: =COUNTIFS(Learners!K2:K100,"Cohort A",Learners!D2:D100,"active") -> 3 | E24: =COUNTIFS(Learners!K2:K100,"Cohort A",Learners!D2:D100,"paused") -> 0 | F24: =COUNTIFS(Learners!K2:K100,"Cohort A",Learners!D2:D100,"withdrawn") -> 0 | G24: =AVERAGEIF(Learners!K2:K100,"Cohort A",Learners!E2:E100) -> 3.3333333 | H24: —
B25: Cohort B (2025-12-01) | C25: =COUNTIF(Learners!K2:K100,"Cohort B") -> 2 | D25: =COUNTIFS(Learners!K2:K100,"Cohort B",Learners!D2:D100,"active") -> 1 | E25: =COUNTIFS(Learners!K2:K100,"Cohort B",Learners!D2:D100,"paused") -> 1 | F25: =COUNTIFS(Learners!K2:K100,"Cohort B",Learners!D2:D100,"withdrawn") -> 0 | G25: =AVERAGEIF(Learners!K2:K100,"Cohort B",Learners!E2:E100) -> 2 | H25: —
B26: Cohort C (2026-01-06) | C26: =COUNTIF(Learners!K2:K100,"Cohort C") -> 3 | D26: =COUNTIFS(Learners!K2:K100,"Cohort C",Learners!D2:D100,"active") -> 2 | E26: =COUNTIFS(Learners!K2:K100,"Cohort C",Learners!D2:D100,"paused") -> 0 | F26: =COUNTIFS(Learners!K2:K100,"Cohort C",Learners!D2:D100,"withdrawn") -> 1 | G26: =AVERAGEIF(Learners!K2:K100,"Cohort C",Learners!E2:E100) -> 1 | H26: —

Sheet Learners
A1: user_id | B1: full_name | C1: course_id | D1: status | E1: current_month | F1: current_module | G1: started_at | H1: last_activity_at | I1: days_inactive | J1: slack_channel | K1: enrollment_type
A2: U001 | B2: Juan Dela Cruz | C2: COURSE_12M | D2: active | E2: 3 | F2: 2 | G2: 2025-11-01 | H2: 2026-02-07 | I2: 2 | J2: #rwr-month3 | K2: Cohort A
A3: U002 | B3: Maria Santos | C3: COURSE_12M | D3: active | E3: 3 | F3: 4 | G3: 2025-11-01 | H3: 2026-02-09 | I3: 0 | J3: #rwr-month3 | K3: Cohort A
A4: U003 | B4: Carlos Rivera | C4: COURSE_12M | D4: active | E4: 2 | F4: 3 | G4: 2025-12-01 | H4: 2026-02-05 | I4: 4 | J4: #rwr-month2 | K4: Cohort B
A5: U004 | B5: Ana Garcia | C5: COURSE_12M | D5: paused | E5: 2 | F5: 1 | G5: 2025-12-01 | H5: 2026-01-20 | I5: 20 | J5: #rwr-month2 | K5: Cohort B
A6: U005 | B6: Pedro Morales | C6: COURSE_12M | D6: active | E6: 1 | F6: 4 | G6: 2026-01-06 | H6: 2026-02-08 | I6: 1 | J6: #rwr-month1 | K6: Cohort C
A7: U006 | B7: Sofia Reyes | C7: COURSE_12M | D7: active | E7: 1 | F7: 3 | G7: 2026-01-06 | H7: 2026-02-06 | I7: 3 | J7: #rwr-month1 | K7: Cohort C
A8: U007 | B8: Miguel Torres | C8: COURSE_12M | D8: withdrawn | E8: 1 | F8: 2 | G8: 2026-01-06 | H8: 2026-01-25 | I8: 15 | J8: #rwr-month1 | K8: Cohort C
A9: U008 | B9: Isabella Cruz | C9: COURSE_12M | D9: active | E9: 4 | F9: 1 | G9: 2025-10-01 | H9: 2026-02-09 | I9: 0 | J9: #rwr-month4 | K9: Cohort A

Sheet Progress
A1: user_id | B1: month | C1: module_id | D1: completed | E1: evidence_url | F1: reflection_text | G1: submitted_at
A2: U001 | B2: 1 | C2: M01-W1 | D2: ✅ TRUE | F2: Good foundation lesson | G2: 2025-11-05
A3: U001 | B3: 1 | C3: M01-W2 | D3: ✅ TRUE | F3: Understood sourcing basics | G3: 2025-11-12
A4: U001 | B4: 1 | C4: M01-W3 | D4: ✅ TRUE | F4: Applied Boolean search | G4: 2025-11-19
A5: U001 | B5: 1 | C5: M01-W4 | D5: ✅ TRUE | F5: Completed first mock search | G5: 2025-11-26
A6: U001 | B6: 2 | C6: M02-W1 | D6: ✅ TRUE | F6: Client intake process clear | G6: 2025-12-03
A7: U001 | B7: 2 | C7: M02-W2 | D7: ✅ TRUE | F7: Practiced job spec writing | G7: 2025-12-10
A8: U001 | B8: 2 | C8: M02-W3 | D8: ✅ TRUE | F8: Good screening framework | G8: 2025-12-17
A9: U001 | B9: 2 | C9: M02-W4 | D9: ✅ TRUE | F9: Phone screen simulation done | G9: 2025-12-24
A10: U001 | B10: 3 | C10: M03-W1 | D10: ✅ TRUE | F10: Candidate pipeline building | G10: 2026-01-07
A11: U001 | B11: 3 | C11: M03-W2 | D11: ⬜ FALSE
A12: U002 | B12: 1 | C12: M01-W1 | D12: ✅ TRUE | F12: Great start | G12: 2025-11-04
A13: U002 | B13: 1 | C13: M01-W2 | D13: ✅ TRUE | F13: Loved the prompt exercises | G13: 2025-11-11
A14: U002 | B14: 1 | C14: M01-W3 | D14: ✅ TRUE | F14: Boolean is powerful | G14: 2025-11-18
A15: U002 | B15: 1 | C15: M01-W4 | D15: ✅ TRUE | F15: Mock search went well | G15: 2025-11-25
A16: U002 | B16: 2 | C16: M02-W1 | D16: ✅ TRUE | F16: Client mgmt module useful | G16: 2025-12-02
A17: U002 | B17: 2 | C17: M02-W2 | D17: ✅ TRUE | F17: JD templates helpful | G17: 2025-12-09
A18: U002 | B18: 2 | C18: M02-W3 | D18: ✅ TRUE | F18: Screening calls improved | G18: 2025-12-16
A19: U002 | B19: 2 | C19: M02-W4 | D19: ✅ TRUE | F19: Completed all Month 2 | G19: 2025-12-23
A20: U002 | B20: 3 | C20: M03-W1 | D20: ✅ TRUE | F20: Pipeline strategies | G20: 2026-01-06
A21: U002 | B21: 3 | C21: M03-W2 | D21: ✅ TRUE | F21: Outreach templates | G21: 2026-01-13
A22: U002 | B22: 3 | C22: M03-W3 | D22: ✅ TRUE | F22: Response rate tracking | G22: 2026-01-20
A23: U002 | B23: 3 | C23: M03-W4 | D23: ✅ TRUE | F23: Month 3 complete! | G23: 2026-01-27
... A26: U005 | B26: 1 | C26: M01-W3 | D26: ✅ TRUE | F26: Boolean search practice | G26: 2026-01-27
A27: U005 | B27: 1 | C27: M01-W4 | D27: ⬜ FALSE

Sheet Content
A1: Month | B1: Theme | C1: Total Lessons | D1: Ready | E1: In Draft | F1: Empty | G1: % Complete | H1: Weekly Hub | I1: Status
A2: M01 | B2: Foundations of Recruiting | C2: 24 | D2: 24 | E2: 0 | F2: 0 | G2: =IF(C2>0,D2/C2,0) -> 1 | H2: ✅ Created | I2: Ready
A3: M02 | B3: Sourcing Mastery | C3: 24 | D3: 24 | E3: 0 | F3: 0 | G3: =IF(C3>0,D3/C3,0) -> 1 | H3: ✅ Created | I3: Ready
A4: M03 | B4: Client Management | C4: 24 | D4: 18 | E4: 6 | F4: 0 | G4: =IF(C4>0,D4/C4,0) -> 0.75 | H4: ✅ Created | I4: In Progress
A5: M04 | B5: Screening & Assessment | C5: 24 | D5: 8 | E5: 10 | F5: 6 | G5: =IF(C5>0,D5/C5,0) -> 0.33333333 | H5: 📝 Draft | I5: In Progress
A6: M05 | B6: Pipeline Building | C6: 24 | D6: 0 | E6: 12 | F6: 12 | G6: =IF(C6>0,D6/C6,0) -> 0 | H6: — | I6: Writing
A7: M06 | B7: Candidate Experience | C7: 24 | D7: 0 | E7: 12 | F7: 12 | G7: =IF(C7>0,D7/C7,0) -> 0 | H7: — | I7: Writing
A8: M07 | B8: Negotiation & Closing | C8: 24 | D8: 0 | E8: 0 | F8: 24 | G8: =IF(C8>0,D8/C8,0) -> 0 | H8: — | I8: Not Started
A9: M08 | B9: Account Management | C9: 24 | D9: 0 | E9: 0 | F9: 24 | G9: =IF(C9>0,D9/C9,0) -> 0 | H9: — | I9: Not Started
A10: M09 | B10: Advanced Sourcing | C10: 24 | D10: 0 | E10: 0 | F10: 24 | G10: =IF(C10>0,D10/C10,0) -> 0 | H10: — | I10: Not Started
A11: M10 | B11: Leadership & Mentoring | C11: 24 | D11: 0 | E11: 0 | F11: 24 | G11: =IF(C11>0,D11/C11,0) -> 0 | H11: — | I11: Not Started
A12: M11 | B12: Business Development | C12: 24 | D12: 0 | E12: 0 | F12: 24 | G12: =IF(C12>0,D12/C12,0) -> 0 | H12: — | I12: Not Started
A13: M12 | B13: Mastery & Certification | C13: 24 | D13: 0 | E13: 0 | F13: 24 | G13: =IF(C13>0,D13/C13,0) -> 0 | H13: — | I13: Not Started
A14: TOTAL | C14: =SUM(C2:C13) -> 288 | D14: =SUM(D2:D13) -> 74 | E14: =SUM(E2:E13) -> 40 | F14: =SUM(F2:F13) -> 174 | G14: =IF(C14>0,D14/C14,0) -> 0.25694444

Sheet Field Mapping
A1: System Layer | B1: Field Name | C1: Type | D1: Source of Truth | E1: Dashboard Column | F1: Notes
A2: Firestore | B2: user_id | C2: string | D2: Firestore | E2: Learners → user_id | F2: Slack user ID, primary key
A3: Firestore | B3: course_id | C3: string | D3: Firestore | E3: Learners → course_id | F3: Matches Notion Courses DB
A4: Firestore | B4: status | C4: enum | D4: Firestore | E4: Learners → status | F4: active | paused | withdrawn | completed
A5: Firestore | B5: current_month | C5: int | D5: Firestore | E5: Learners → current_month | F5: 1-12. Maps to Notion Months DB
A6: Firestore | B6: current_module | C6: int | D6: Firestore | E6: Learners → current_module | F6: 0-3 (Week 1-4). Maps to Notion Lessons.Week
A7: Firestore | B7: last_activity_at | C7: timestamp | D7: Firestore | E7: Learners → last_activity_at | F7: Used to compute days_inactive
A8: Dashboard | B8: days_inactive | C8: computed | D8: Dashboard formula | E8: Learners → days_inactive | F8: TODAY() minus last_activity_at
A9: Dashboard | B9: slack_channel | C9: derived | D9: Convention | E9: Learners → slack_channel | F9: #rwr-month{N} pattern from course+month
A10: Notion | B10: Month.theme | C10: text | D10: Notion Months DB | E10: Content → Theme | F10: Monthly learning focus
A11: Notion | B11: Lesson.status | C11: select | D11: Notion Lessons DB | E11: Content → Ready/Draft/Empty | F11: Aggregated per month
A12: Notion | B12: Month.hub_link | C12: url | D12: Notion Months DB | E12: Content → Weekly Hub | F12: Deep session page link
... A14: Slack | B14: message_ts | C14: string | D14: Slack API | E14: Not tracked | F14: Last button click / interaction
